[
	{
		"nombre":"Nombre",
		"tipo":"text",
		"min":5,
		"max":30,
		"valorejemplo":"p.ej.: Coco",
		"titulo":"Nombre",
		"descripcion": "A continuación introduce el nombre de su mascota",
		"tabla":"mascotas",
		"campo":"nombre",
		"jvvalidador":""
	},
	{
		"nombre":"TipoAnimal",
		"tipo":"text",
		"min":5,
		"max":30,
		"valorejemplo":"p.ej: Mamífero",
		"titulo":"TipoAnimal",
		"descripcion": "A continuación introduce el tipo de animal de su mascota",
		"tabla":"mascotas",
		"campo":"tipoanimal",
		"jvvalidador":""
	},
	{
		"nombre":"Especie",
		"tipo":"text",
		"min":5,
		"max":30,
		"valorejemplo":"p.ej: Perro",
		"titulo":"Especie",
		"descripcion": "A continuación introduce la especie animal de su mascota",
		"tabla":"mascotas",
		"campo":"especie",
		"jvvalidador":""
	}
	,
	{
		"nombre":"Raza",
		"tipo":"text",
		"min":1,
		"max":30,
		"valorejemplo":"p.ej: Labrador",
		"titulo":"Raza",
		"descripcion": "A continuación introduce la raza de su mascota",
		"tabla":"mascotas",
		"campo":"raza",
		"jvvalidador":""
	}
]